index,true,pred,prob,note
12243,0,1,0.9613251686096191,Alta confianza errónea
4972,0,1,0.9186661839485168,Alta confianza errónea
15602,0,1,0.9186661839485168,Alta confianza errónea
16486,0,1,0.9186661839485168,Alta confianza errónea
8735,0,1,0.9186661839485168,Alta confianza errónea
