Metric,Value
Accuracy,0.9328025093497406
Precision (macro),0.9328251876628701
Recall (macro),0.9328025093497406
F1 (macro),0.932801629118102
Precision (normal),0.9359581966217038
Recall (normal),0.929183254916154
F1 (normal),0.9325584211163579
Precision (ddos),0.9296921787040364
Recall (ddos),0.9364217637833273
F1 (ddos),0.9330448371198461
AUC-ROC,0.9717185983176427
# Rules,88.0
Latency (ms),1.250711202017537
