index,true,pred,prob,note
15550,1,0,0.14094026386737823,Alta confianza errónea
5779,1,0,0.16978110373020172,Alta confianza errónea
6424,1,0,0.1697888970375061,Alta confianza errónea
7127,1,0,0.1697888970375061,Alta confianza errónea
29380,1,0,0.1698218733072281,Alta confianza errónea
